{
    "identityPoolName": "squarerootprojectfe3d4090_identitypool_fe3d4090",
    "allowUnauthenticatedIdentities": true,
    "resourceNameTruncated": "squarefe3d4090",
    "userPoolName": "squarerootprojectfe3d4090_userpool_fe3d4090",
    "autoVerifiedAttributes": [
        "email"
    ],
    "mfaConfiguration": "OFF",
    "mfaTypes": [
        "SMS Text Message"
    ],
    "smsAuthenticationMessage": "Your authentication code is {####}",
    "smsVerificationMessage": "Your verification code is {####}",
    "emailVerificationSubject": "Your verification link",
    "emailVerificationMessage": "Your verification code is {####}",
    "defaultPasswordPolicy": false,
    "passwordPolicyMinLength": 8,
    "passwordPolicyCharacters": [],
    "requiredAttributes": [
        "email",
        "name",
        "phone_number"
    ],
    "userpoolClientGenerateSecret": false,
    "userpoolClientRefreshTokenValidity": 30,
    "userpoolClientWriteAttributes": [
        "email"
    ],
    "userpoolClientReadAttributes": [
        "email"
    ],
    "userpoolClientLambdaRole": "squarefe3d4090_userpoolclient_lambda_role",
    "userpoolClientSetAttributes": false,
    "sharedId": "fe3d4090",
    "resourceName": "squarerootprojectfe3d4090",
    "authSelections": "identityPoolAndUserPool",
    "authRoleArn": {
        "Fn::GetAtt": [
            "AuthRole",
            "Arn"
        ]
    },
    "unauthRoleArn": {
        "Fn::GetAtt": [
            "UnauthRole",
            "Arn"
        ]
    },
    "useDefault": "manual",
    "usernameAttributes": [
        "email"
    ],
    "triggers": "{}",
    "userPoolGroupList": [],
    "serviceName": "Cognito",
    "usernameCaseSensitive": false,
    "parentStack": {
        "Ref": "AWS::StackId"
    },
    "permissions": [],
    "dependsOn": [],
    "thirdPartyAuth": false,
    "userPoolGroups": false,
    "adminQueries": false,
    "hostedUI": false,
    "authProviders": []
}