{
  "providers": {
    "awscloudformation": {
      "AuthRoleName": "amplify-squarerootproject-dev-113924-authRole",
      "UnauthRoleArn": "arn:aws:iam::387243802874:role/amplify-squarerootproject-dev-113924-unauthRole",
      "AuthRoleArn": "arn:aws:iam::387243802874:role/amplify-squarerootproject-dev-113924-authRole",
      "Region": "eu-north-1",
      "DeploymentBucketName": "amplify-squarerootproject-dev-113924-deployment",
      "UnauthRoleName": "amplify-squarerootproject-dev-113924-unauthRole",
      "StackName": "amplify-squarerootproject-dev-113924",
      "StackId": "arn:aws:cloudformation:eu-north-1:387243802874:stack/amplify-squarerootproject-dev-113924/b761f380-80c3-11eb-9a14-0aa8fc20cb38"
    }
  },
  "auth": {
    "squarerootprojectfe3d4090": {
      "service": "Cognito",
      "providerPlugin": "awscloudformation",
      "dependsOn": [],
      "customAuth": false,
      "providerMetadata": {
        "s3TemplateURL": "https://s3.amazonaws.com/amplify-squarerootproject-dev-113924-deployment/amplify-cfn-templates/auth/squarerootprojectfe3d4090-cloudformation-template.yml",
        "logicalId": "authsquarerootprojectfe3d4090"
      },
      "lastPushTimeStamp": "2021-03-14T18:06:13.562Z",
      "output": {
        "UserPoolId": "eu-north-1_gF4dv0suP",
        "AppClientIDWeb": "76vfko2ooq5c76noviiqbr5knp",
        "AppClientID": "1736lnsuppgsft249oqfs580ok",
        "IdentityPoolId": "eu-north-1:9912852f-0c2f-485f-aa4c-22259b9345ee",
        "IdentityPoolName": "squarerootprojectfe3d4090_identitypool_fe3d4090__dev",
        "UserPoolName": "squarerootprojectfe3d4090_userpool_fe3d4090"
      },
      "lastPushDirHash": "vCifbtX8wY1TOU5LoFoZYsIdp8c="
    }
  },
  "function": {
    "addUserToGroup": {
      "build": true,
      "providerPlugin": "awscloudformation",
      "service": "Lambda",
      "dependsOn": [],
      "lastBuildTimeStamp": "2021-03-14T13:31:30.794Z",
      "lastPackageTimeStamp": "2021-03-14T14:50:16.052Z",
      "distZipFilename": "addUserToGroup-57355876556e33355938-build.zip",
      "s3Bucket": {
        "deploymentBucketName": "amplify-squarerootproject-dev-113924-deployment",
        "s3Key": "amplify-builds/addUserToGroup-57355876556e33355938-build.zip"
      },
      "providerMetadata": {
        "s3TemplateURL": "https://s3.amazonaws.com/amplify-squarerootproject-dev-113924-deployment/amplify-cfn-templates/function/addUserToGroup-cloudformation-template.json",
        "logicalId": "functionaddUserToGroup"
      },
      "lastPushTimeStamp": "2021-03-14T18:06:13.576Z",
      "output": {
        "Region": "eu-north-1",
        "Arn": "arn:aws:lambda:eu-north-1:387243802874:function:addUserToGroup-dev",
        "Name": "addUserToGroup-dev",
        "LambdaExecutionRole": "squarerootprojectLambdaRolea6d8afef-dev"
      },
      "lastPushDirHash": "7PGIoD1kBh66O7jFcP3KUoCHQq0="
    },
    "contactFormFunction": {
      "build": true,
      "providerPlugin": "awscloudformation",
      "service": "Lambda",
      "dependsOn": [
        {
          "category": "storage",
          "resourceName": "contactFormTable",
          "attributes": [
            "Name",
            "Arn"
          ]
        }
      ],
      "lastBuildTimeStamp": "2021-03-14T14:50:18.760Z",
      "lastPackageTimeStamp": "2021-03-14T14:50:19.332Z",
      "distZipFilename": "contactFormFunction-6d632f4233684d516a48-build.zip",
      "s3Bucket": {
        "deploymentBucketName": "amplify-squarerootproject-dev-113924-deployment",
        "s3Key": "amplify-builds/contactFormFunction-6d632f4233684d516a48-build.zip"
      },
      "providerMetadata": {
        "s3TemplateURL": "https://s3.amazonaws.com/amplify-squarerootproject-dev-113924-deployment/amplify-cfn-templates/function/contactFormFunction-cloudformation-template.json",
        "logicalId": "functioncontactFormFunction"
      },
      "lastPushTimeStamp": "2021-03-14T18:06:13.588Z",
      "output": {
        "Region": "eu-north-1",
        "Arn": "arn:aws:lambda:eu-north-1:387243802874:function:contactFormFunction-dev",
        "Name": "contactFormFunction-dev",
        "LambdaExecutionRole": "squarerootprojectLambdaRolebbce38d8-dev"
      },
      "lastPushDirHash": "3uMLej2Xvot60FagiCMAd0OUXQQ="
    },
    "sendEmail": {
      "build": true,
      "providerPlugin": "awscloudformation",
      "service": "Lambda",
      "dependsOn": [
        {
          "category": "storage",
          "resourceName": "contactFormTable",
          "attributes": [
            "StreamArn"
          ]
        }
      ],
      "lastBuildTimeStamp": "2021-03-14T15:15:11.480Z",
      "lastPackageTimeStamp": "2021-03-14T15:15:11.518Z",
      "distZipFilename": "sendEmail-726a6453524733546452-build.zip",
      "s3Bucket": {
        "deploymentBucketName": "amplify-squarerootproject-dev-113924-deployment",
        "s3Key": "amplify-builds/sendEmail-726a6453524733546452-build.zip"
      },
      "providerMetadata": {
        "s3TemplateURL": "https://s3.amazonaws.com/amplify-squarerootproject-dev-113924-deployment/amplify-cfn-templates/function/sendEmail-cloudformation-template.json",
        "logicalId": "functionsendEmail"
      },
      "lastPushTimeStamp": "2021-03-14T18:06:13.600Z",
      "output": {
        "Region": "eu-north-1",
        "Arn": "arn:aws:lambda:eu-north-1:387243802874:function:sendEmail-dev",
        "Name": "sendEmail-dev",
        "LambdaExecutionRole": "squarerootprojectLambdaRole900a1ef3-dev"
      },
      "lastPushDirHash": "awiUOrq9bVp0CrDi0XPGDwImzks="
    }
  },
  "storage": {
    "contactFormTable": {
      "service": "DynamoDB",
      "providerPlugin": "awscloudformation",
      "providerMetadata": {
        "s3TemplateURL": "https://s3.amazonaws.com/amplify-squarerootproject-dev-113924-deployment/amplify-cfn-templates/storage/contactFormTable-cloudformation-template.json",
        "logicalId": "storagecontactFormTable"
      },
      "lastPushTimeStamp": "2021-03-14T18:06:13.611Z",
      "output": {
        "PartitionKeyName": "id",
        "Region": "eu-north-1",
        "Arn": "arn:aws:dynamodb:eu-north-1:387243802874:table/contactFormTable-dev",
        "StreamArn": "arn:aws:dynamodb:eu-north-1:387243802874:table/contactFormTable-dev/stream/2021-03-14T13:14:10.165",
        "PartitionKeyType": "S",
        "Name": "contactFormTable-dev"
      },
      "lastPushDirHash": "YmiisovKG3YRf6RhBDBLLnChHys="
    },
    "squareRootImages": {
      "service": "S3",
      "providerPlugin": "awscloudformation",
      "providerMetadata": {
        "s3TemplateURL": "https://s3.amazonaws.com/amplify-squarerootproject-dev-113924-deployment/amplify-cfn-templates/storage/s3-cloudformation-template.json",
        "logicalId": "storagesquareRootImages"
      },
      "lastPushTimeStamp": "2021-03-14T18:06:13.622Z",
      "output": {
        "BucketName": "squarerootprojectcc0a600ac4c447429b537b9669e5bc113924-dev",
        "Region": "eu-north-1"
      },
      "lastPushDirHash": "v5l1WZBdkh6gMw/Thj6t+KN7YvY="
    }
  },
  "api": {
    "contactFormApi": {
      "service": "API Gateway",
      "providerPlugin": "awscloudformation",
      "dependsOn": [
        {
          "category": "function",
          "resourceName": "contactFormFunction",
          "attributes": [
            "Name",
            "Arn"
          ]
        }
      ],
      "providerMetadata": {
        "s3TemplateURL": "https://s3.amazonaws.com/amplify-squarerootproject-dev-113924-deployment/amplify-cfn-templates/api/contactFormApi-cloudformation-template.json",
        "logicalId": "apicontactFormApi"
      },
      "lastPushTimeStamp": "2021-03-14T18:06:13.633Z",
      "output": {
        "ApiName": "contactFormApi",
        "RootUrl": "https://crmnreextj.execute-api.eu-north-1.amazonaws.com/dev",
        "ApiId": "crmnreextj"
      },
      "lastPushDirHash": "H7NRqEDuNGRWOdlBqkQ33b5MQZo="
    },
    "squarerootproject": {
      "service": "AppSync",
      "providerPlugin": "awscloudformation",
      "output": {
        "authConfig": {
          "defaultAuthentication": {
            "authenticationType": "AMAZON_COGNITO_USER_POOLS",
            "userPoolConfig": {
              "userPoolId": "authsquarerootprojectfe3d4090"
            }
          },
          "additionalAuthenticationProviders": [
            {
              "authenticationType": "API_KEY",
              "apiKeyConfig": {
                "apiKeyExpirationDays": 7,
                "description": "API for guest users on website "
              }
            }
          ]
        },
        "GraphQLAPIIdOutput": "iemcb7rcs5cddbmgxx2lvnbmyu",
        "GraphQLAPIEndpointOutput": "https://pjhxhgaoardsbmws3kfg2dtx5q.appsync-api.eu-north-1.amazonaws.com/graphql",
        "GraphQLAPIKeyOutput": "da2-yk22z67mercbvmcktvy4w732wu"
      },
      "providerMetadata": {
        "s3TemplateURL": "https://s3.amazonaws.com/amplify-squarerootproject-dev-113924-deployment/amplify-cfn-templates/api/cloudformation-template.json",
        "logicalId": "apisquarerootproject"
      },
      "lastPushTimeStamp": "2021-03-14T18:06:15.048Z",
      "lastPushDirHash": "MOAvGuGmD1IZt9uMMC8rwp7gzmM="
    }
  }
}