{
  "auth": {
    "squarerootprojectfe3d4090": {
      "service": "Cognito",
      "providerPlugin": "awscloudformation",
      "dependsOn": [],
      "customAuth": false
    }
  },
  "function": {
    "addUserToGroup": {
      "build": true,
      "providerPlugin": "awscloudformation",
      "service": "Lambda",
      "dependsOn": []
    },
    "contactFormFunction": {
      "build": true,
      "providerPlugin": "awscloudformation",
      "service": "Lambda",
      "dependsOn": [
        {
          "category": "storage",
          "resourceName": "contactFormTable",
          "attributes": [
            "Name",
            "Arn"
          ]
        }
      ]
    },
    "sendEmail": {
      "build": true,
      "providerPlugin": "awscloudformation",
      "service": "Lambda",
      "dependsOn": [
        {
          "category": "storage",
          "resourceName": "contactFormTable",
          "attributes": [
            "StreamArn"
          ]
        }
      ]
    }
  },
  "storage": {
    "contactFormTable": {
      "service": "DynamoDB",
      "providerPlugin": "awscloudformation"
    },
    "squareRootImages": {
      "service": "S3",
      "providerPlugin": "awscloudformation"
    }
  },
  "api": {
    "contactFormApi": {
      "service": "API Gateway",
      "providerPlugin": "awscloudformation",
      "dependsOn": [
        {
          "category": "function",
          "resourceName": "contactFormFunction",
          "attributes": [
            "Name",
            "Arn"
          ]
        }
      ]
    },
    "squarerootproject": {
      "service": "AppSync",
      "providerPlugin": "awscloudformation",
      "output": {
        "authConfig": {
          "defaultAuthentication": {
            "authenticationType": "AMAZON_COGNITO_USER_POOLS",
            "userPoolConfig": {
              "userPoolId": "authsquarerootprojectfe3d4090"
            }
          },
          "additionalAuthenticationProviders": [
            {
              "authenticationType": "API_KEY",
              "apiKeyConfig": {
                "apiKeyExpirationDays": 7,
                "description": "API for guest users on website "
              }
            }
          ]
        }
      }
    }
  }
}