{
    "paths": [
        {
            "name": "/contact",
            "lambdaFunction": "contactFormFunction",
            "privacy": {
                "open": true
            },
            "policyResourceName": "/contact"
        }
    ],
    "resourceName": "contactFormApi",
    "apiName": "contactFormApi",
    "functionArns": [
        {
            "lambdaFunction": "contactFormFunction"
        }
    ],
    "privacy": {
        "auth": 0,
        "unauth": 0,
        "authRoleName": "amplify-squarerootproject-dev-113924-authRole",
        "unAuthRoleName": "amplify-squarerootproject-dev-113924-unauthRole"
    },
    "dependsOn": [
        {
            "category": "function",
            "resourceName": "contactFormFunction",
            "attributes": [
                "Name",
                "Arn"
            ]
        }
    ]
}